[{"model": "contenttypes.contenttype", "pk": 1, "fields": {"app_label": "admin", "model": "logentry"}}, {"model": "contenttypes.contenttype", "pk": 2, "fields": {"app_label": "auth", "model": "permission"}}, {"model": "contenttypes.contenttype", "pk": 3, "fields": {"app_label": "auth", "model": "group"}}, {"model": "contenttypes.contenttype", "pk": 4, "fields": {"app_label": "contenttypes", "model": "contenttype"}}, {"model": "contenttypes.contenttype", "pk": 5, "fields": {"app_label": "sessions", "model": "session"}}, {"model": "contenttypes.contenttype", "pk": 6, "fields": {"app_label": "main", "model": "address"}}, {"model": "contenttypes.contenttype", "pk": 7, "fields": {"app_label": "main", "model": "brewery"}}, {"model": "contenttypes.contenttype", "pk": 8, "fields": {"app_label": "main", "model": "cart"}}, {"model": "contenttypes.contenttype", "pk": 9, "fields": {"app_label": "main", "model": "cartline"}}, {"model": "contenttypes.contenttype", "pk": 10, "fields": {"app_label": "main", "model": "cluster"}}, {"model": "contenttypes.contenttype", "pk": 11, "fields": {"app_label": "main", "model": "order"}}, {"model": "contenttypes.contenttype", "pk": 12, "fields": {"app_label": "main", "model": "orderline"}}, {"model": "contenttypes.contenttype", "pk": 13, "fields": {"app_label": "main", "model": "post"}}, {"model": "contenttypes.contenttype", "pk": 14, "fields": {"app_label": "main", "model": "product"}}, {"model": "contenttypes.contenttype", "pk": 15, "fields": {"app_label": "main", "model": "productimage"}}, {"model": "contenttypes.contenttype", "pk": 16, "fields": {"app_label": "main", "model": "producttag"}}, {"model": "contenttypes.contenttype", "pk": 17, "fields": {"app_label": "main", "model": "review"}}, {"model": "contenttypes.contenttype", "pk": 18, "fields": {"app_label": "main", "model": "userprofile"}}, {"model": "contenttypes.contenttype", "pk": 19, "fields": {"app_label": "users", "model": "user"}}, {"model": "sessions.session", "pk": "i9eizjj5jhd5k4tzqtpvopa5o5sh5009", "fields": {"session_data": "MDQyMjQ3MDdmMDZjNDM0MGZhOWQ5NDllM2ZhZjJjYWZlNTUxMWIxZjp7Il9hdXRoX3VzZXJfaWQiOiIxIiwiX2F1dGhfdXNlcl9iYWNrZW5kIjoiZGphbmdvLmNvbnRyaWIuYXV0aC5iYWNrZW5kcy5Nb2RlbEJhY2tlbmQiLCJfYXV0aF91c2VyX2hhc2giOiJhYjY2N2IwMGYwMzgyN2QwODkwYWUwNzQ4MWU1MTY4ZWFiMzg1ZTZmIn0=", "expire_date": "2020-05-19T09:03:58.270Z"}}, {"model": "main.brewery", "pk": 1, "fields": {"name": "Tedorigawa", "address": "41, Hakusan, Ishikawa 924-0843, Japan", "prefecture": "Ishikawa", "phone": "+81 76-276-3311", "email": "info@tedorigawa.com", "description": "We inherit the hand-brewed sake cultivated in the local culture and traditional culture, and aim to satisfy customers and happiness of employees and their families through sake brewing of high quality.We challenge ourselves to see just how much passion can go into one bottle of sake, so that our customers can enjoy the most delicious sake. We offer sake that makes a meal in a quiet place, and good times spent with friends, even better.", "slug": "tedorigawa", "image": "image/upload/v1588669857/sake_time/breweries/fbvvknldgchuiezubplm.jpg", "lat": 36.487694, "long": 136.565557, "website": "https://tedorigawa.com/", "header": "image/upload/v1588669859/sake_time/breweries/hg9ny6suicmfrhruo1oz.jpg"}}, {"model": "main.brewery", "pk": 2, "fields": {"name": "Asahi Shuzo", "address": "2167-4, Shutomachi Osogoe, Iwakuni-shi, Yamaguchi, 742-0422, Japan", "prefecture": "Yamaguchi", "phone": "+81 82-786-0120", "email": "info@asahishuzo.ne.jp", "description": "In the face of this, we have followed a natural flow of change, making our company, Asahi Shuzo, one of the most unique breweries in Japan. We have slowly, gently, and carefully changed much about the way we exist and brew, change that has been inspired partly by our own crises and difficult times.And we have emerged with more focus and resolve to create sake like no other. At Asahi Shuzo, we brew only premium Junmai Daiginjo sake. There are but a few breweries in all of Japan that focus all effort on making only top grade sake. Our commitment to this defines every aspect of our brewery's existence.", "slug": "asahi-shuzo", "image": "image/upload/v1588669995/sake_time/breweries/fhpzapm2xrfjok4ckioh.png", "lat": 34.126262, "long": 132.004178, "website": "https://www.asahishuzo.ne.jp/en/", "header": "image/upload/v1588669998/sake_time/breweries/ll8yjtdqojn88owjxxpo.jpg"}}, {"model": "main.brewery", "pk": 3, "fields": {"name": "Ishikawa Brewery", "address": "1 Kumagawa, Fussa City, Tokyo 197\uff0d8623, Japan", "prefecture": "Tokyo", "phone": "\uff0b81-42-553-0100", "email": "liveinfo@tamajiman.co.jp", "description": "The history of Ishikawa Brewery started on September 1, 1863 (under the old calendar). The original location of the brewery was in Ogawa Village, on the opposite bank of the Tama River. In 1881, Ishikawa Brewery built a new kura (storehouse) in the present Kumagawa area and, in 1883, the whole business finished moving to this location. Ishikawa Brewery earlier used 'Yae-zakura' (double-flowered cherry) as a brand name at first after the establishment of the business. This brand name showed the sister-company relationship with Morita Shuzo in Ogawa Village, who brewed 'Yae-giku' (double-flowered chrysanthemum). In 1919, the brand was renamed 'Yae-ume', (double-flowered plum), and in 1933, the present brand name, 'Tamajiman', came to be used.", "slug": "ishikawa-brewery", "image": "image/upload/v1588670014/sake_time/breweries/p81mlb9vhbjnykramkev.png", "lat": 35.72021, "long": 139.332554, "website": "https://www.tamajiman.co.jp/en/", "header": "image/upload/v1588670016/sake_time/breweries/gidqenoarwji5gnutzex.jpg"}}, {"model": "main.producttag", "pk": 1, "fields": {"name": "premium", "slug": "premium", "description": "", "active": true}}, {"model": "main.producttag", "pk": 2, "fields": {"name": "sparkling", "slug": "sparkling", "description": "", "active": true}}, {"model": "main.producttag", "pk": 3, "fields": {"name": "fruity", "slug": "fruity", "description": "", "active": true}}, {"model": "main.producttag", "pk": 4, "fields": {"name": "sweet", "slug": "sweet", "description": "", "active": true}}, {"model": "main.producttag", "pk": 5, "fields": {"name": "dry", "slug": "dry", "description": "", "active": true}}, {"model": "main.producttag", "pk": 6, "fields": {"name": "savory", "slug": "savory", "description": "", "active": true}}, {"model": "main.producttag", "pk": 7, "fields": {"name": "citrus", "slug": "citrus", "description": "", "active": true}}, {"model": "main.producttag", "pk": 8, "fields": {"name": "buttery", "slug": "buttery", "description": "", "active": true}}, {"model": "main.producttag", "pk": 9, "fields": {"name": "mint", "slug": "mint", "description": "", "active": true}}, {"model": "main.producttag", "pk": 10, "fields": {"name": "acidic", "slug": "acidic", "description": "", "active": true}}, {"model": "main.producttag", "pk": 11, "fields": {"name": "smooth", "slug": "smooth", "description": "", "active": true}}, {"model": "main.producttag", "pk": 12, "fields": {"name": "flowery", "slug": "flowery", "description": "", "active": true}}, {"model": "main.producttag", "pk": 13, "fields": {"name": "herbal", "slug": "herbal", "description": "", "active": true}}, {"model": "main.producttag", "pk": 14, "fields": {"name": "honey", "slug": "honey", "description": "", "active": true}}, {"model": "main.producttag", "pk": 15, "fields": {"name": "creamy", "slug": "creamy", "description": "", "active": true}}, {"model": "main.producttag", "pk": 16, "fields": {"name": "melon", "slug": "melon", "description": "", "active": true}}, {"model": "main.producttag", "pk": 17, "fields": {"name": "budget", "slug": "budget", "description": "", "active": true}}, {"model": "main.product", "pk": 1, "fields": {"name": "Daiginjo Shizuku", "description": "Our high-grade sake.We mill our selected high qualitied \u2018Yamada Nishiki\u2019rice of 65% of the weight.Sake mush is dripped from hanged cloth bags and we collect the drops of sake.", "short_description": "", "price": "132.00", "slug": "daiginjo-shizuku", "active": true, "in_stock": true, "date_updated": "2020-04-27T12:57:29.530Z", "abv": 17.0, "sake_type": "d", "brewery": 3, "volume": 720, "units_sold": 34, "tags": [4, 8, 13]}}, {"model": "main.product", "pk": 2, "fields": {"name": "Tamajiman Daiginjo", "description": "The Tamajiman Daiginjo line differs from the Junmai line due to the adding of neutral alcohol, thus giving it a rich taste and a strong ginjo-aroma.We mill 65% of the rice's weight.", "short_description": "", "price": "33.00", "slug": "tamajiman-daiginjo", "active": true, "in_stock": true, "date_updated": "2020-04-27T12:57:21.521Z", "abv": 15.0, "sake_type": "d", "brewery": 3, "volume": 720, "units_sold": 27, "tags": [11, 14]}}, {"model": "main.product", "pk": 3, "fields": {"name": "Tama no Yotokobi Junmai Daiginjo", "description": "We mill 50% of the rice's weight. Although we normally pasteurize our sake twice, for this line we conduct pasteurization only once.We do this in order to retain its strong fruity aroma.", "short_description": "", "price": "20.00", "slug": "tama-no-yotokobi-junmai-daiginjo", "active": true, "in_stock": true, "date_updated": "2020-04-27T12:57:16.542Z", "abv": 15.0, "sake_type": "jg", "brewery": 3, "volume": 720, "units_sold": 56, "tags": [1, 3, 11]}}, {"model": "main.product", "pk": 4, "fields": {"name": "Junmai Kumagawa Ichibanchi", "description": "We mill 40% of the rice\u2019s weight. Defined by its full bodied character, you will find that this line has a subtle sweetness and is the ideal choice for those new to sake.", "short_description": "", "price": "33.75", "slug": "junmai-kumagawa-ichibanchi", "active": true, "in_stock": true, "date_updated": "2020-04-27T12:57:11.878Z", "abv": 15.0, "sake_type": "j", "brewery": 3, "volume": 720, "units_sold": 25, "tags": [7, 10, 14]}}, {"model": "main.product", "pk": 5, "fields": {"name": "DASSAI 23", "description": "To craft the ultimate Junmai-Daiginjo sake, we polished down Yamada-Nishiki rice to 23%. Delivering delicate floral aromas with a palate reminiscent of honey and an elegant lasting finish.", "short_description": "", "price": "90.00", "slug": "dassai-23", "active": true, "in_stock": true, "date_updated": "2020-04-27T12:57:07.302Z", "abv": 16.0, "sake_type": "jd", "brewery": 2, "volume": 720, "units_sold": 14, "tags": [1, 11]}}, {"model": "main.product", "pk": 6, "fields": {"name": "DASSAI 39", "description": "Showing a luscious and juicy character with a nectar like sweetness on the palate, followed by a long bright finale. This is Junmai-Daiginjo.", "short_description": "", "price": "43.00", "slug": "dassai-39", "active": true, "in_stock": true, "date_updated": "2020-04-27T12:57:03.375Z", "abv": 16.0, "sake_type": "jd", "brewery": 2, "volume": 720, "units_sold": 45, "tags": [5, 6, 13]}}, {"model": "main.product", "pk": 7, "fields": {"name": "DASSAI 45", "description": "\u201cThere is no reason for us to craft sake unless it\u2019s super delicious.\u201d, this is the Dassai way. Using Yamada-Nishiki rice polished down to 45%, we deliver fruit aromatics and delicate sweetness.", "short_description": "", "price": "30.00", "slug": "dassai-45", "active": true, "in_stock": true, "date_updated": "2020-04-27T12:56:58.345Z", "abv": 16.0, "sake_type": "jd", "brewery": 2, "volume": 720, "units_sold": 7, "tags": [3, 5]}}, {"model": "main.product", "pk": 8, "fields": {"name": "DASSAI Sparkling 45", "description": "Unpasteurized, and naturally carbonated, this sake is slightly fruity and has a refreshing taste.", "short_description": "", "price": "22.00", "slug": "dassai-sparkling-45", "active": true, "in_stock": true, "date_updated": "2020-04-27T12:56:54.616Z", "abv": 15.0, "sake_type": "jd", "brewery": 2, "volume": 360, "units_sold": 8, "tags": [2, 5]}}, {"model": "main.product", "pk": 9, "fields": {"name": "Tedorigawa Mangekyo Junmai Daiginjo 'Kaleidoscope'", "description": "Truly a connoisseur\u2019s experience this one of a kind Daiginjo has an aroma profile filled with cherries, white grapes, ginger and aloe vera. For those who know their wines behold a sake that transcends layers of grape flavors and achieves a personality that one can never find in a fruit juice. Fat, silky, beefy, and solid do not do justice to this brew that drinks crisp, bright and dry. There are hints of mint, white grape, and tangerine elements with a finish that speaks to those who like a hint of clean twang.", "short_description": "", "price": "280.00", "slug": "tedorigawa-mangekyo-junmai-daiginjo-kaleidoscope", "active": true, "in_stock": true, "date_updated": "2020-04-27T12:56:50.545Z", "abv": 18.0, "sake_type": "jd", "brewery": 1, "volume": 720, "units_sold": 6, "tags": [1, 8, 11]}}, {"model": "main.product", "pk": 10, "fields": {"name": "Tedorigawa Yamahai Junmai", "description": "This brewery has become famous for appearing in the movie called \u201cThe Birth of Sake,\u201d but it was already famous for making some of the best sake in Ishikawa prefecture. The nose on this stalwart sake is made up of honey tea, sweet rice, maple syrup, and nutty aromas. Typically Yamahai style sake is big and bold with lots of acidity and tons of flavors. This brew is no exception, except for the high acidity! It drinks rich and bold with lots of action that wakes the palate with a bright and cutting sharpness that is addictive with each sip. There are hints of honey, cashews, yogurt, and a vein of citrus that drinks dry and fun. If you want to explore the Yamahai category then it\u2019s very important to taste this sake that is as good room temperature and warmed as it is chilled. This is a food pairing masterpiece", "short_description": "", "price": "34.00", "slug": "tedorigawa-yamahai-junmai", "active": true, "in_stock": true, "date_updated": "2020-04-27T12:56:45.514Z", "abv": 15.0, "sake_type": "j", "brewery": 1, "volume": 720, "units_sold": 5, "tags": [13, 14]}}, {"model": "main.product", "pk": 11, "fields": {"name": "Tedorigawa Iki na Onna Daiginjo", "description": "This unique sake was made specifically to celebrate women sake store-owners in Japan. Cool! It has a nose filled with green apple, sweet nuts, honeydew, and bubblegum aromas. Talk about a drinkable adventure in a glass. Lady Luck drinks lively, sprightly, and with a confident smoothness that excels in a mid-sized glass. Look for hints of honey tea, persimmon, young pear, and sweet rice flavors that are paired with a round & smooth fluidity that has a quick finish and a peek-a-boo tail. If you are looking for approachable complexity, then this Lady brings you Luck.", "short_description": "", "price": "55.00", "slug": "tedorigawa-iki-na-onna-daiginjo", "active": true, "in_stock": true, "date_updated": "2020-04-27T12:56:40.810Z", "abv": 17.0, "sake_type": "d", "brewery": 1, "volume": 720, "units_sold": 20, "tags": [9, 11, 12]}}, {"model": "main.product", "pk": 12, "fields": {"name": "Tedorigawa Yamahai Daiginjo", "description": "There are not a lot of Yamahai Daiginjos out there so it\u2019s always fun to take note of amazing efforts such as this brew. The nose is nice collection of buttery corn, butterscotch, cream, and a hint of mint aromas. If you ever wanted to taste the term \u201ccreamy\u201d in a sake then this sake is for you. It is a calm, even, soft and velvety sake that has a creamy side that moves on the silky flow. Not your typical Daiginjo with lots of fruity impact. Look for a roundness and richness that has a milkshake quality in flavor with hints of sweet nuts and whip cream. A larger glass brings forth more creaminess.", "short_description": "", "price": "48.00", "slug": "tedorigawa-yamahai-daiginjo", "active": true, "in_stock": true, "date_updated": "2020-04-27T12:56:34.612Z", "abv": 15.0, "sake_type": "d", "brewery": 1, "volume": 720, "units_sold": 10, "tags": [3, 4]}}, {"model": "main.product", "pk": 13, "fields": {"name": "DASSAI 45 Nigori", "description": "Flavor and aroma are both lively and refreshing. A Junmai Daiginjo Nigori Sake with expert balance between sweetness and dryness. Very creamy mouthfeel yet semi-dry, aromatic bright flavor profile. High-end Nigori from the famous Dassai brand that you should definitely try if you are a fan of Nigori sake.", "short_description": "", "price": "33.00", "slug": "dassai-45-nigori", "active": true, "in_stock": true, "date_updated": "2020-04-29T19:36:57.484Z", "abv": 16.0, "sake_type": "jd", "brewery": 2, "volume": 720, "units_sold": 20, "tags": [3, 15, 16]}}, {"model": "main.product", "pk": 14, "fields": {"name": "DASSAI Beyond", "description": "Asahi Shuzo embarked on a quest over a decade ago to craft sake that surpassed the excellence of even their finest sake. Driven by deep passion, they brewed batch after batch, until the fateful trial that ended up being Dassai Beyond. If you\u2019re lucky enough to get your hands on a bottle, know that you are drinking sake beyond your wildest dreams. The flavor spreads through you like warm sunlight, enlightening every sense, and transcends what words can describe. The rarity of such a sake makes every bottle a work of art to be enjoyed with awe.", "short_description": "", "price": "540.00", "slug": "dassai-beyond", "active": true, "in_stock": true, "date_updated": "2020-04-29T19:41:12.903Z", "abv": 16.0, "sake_type": "jd", "brewery": 2, "volume": 720, "units_sold": 10, "tags": [1, 3, 11]}}, {"model": "main.product", "pk": 15, "fields": {"name": "Tamajiman Boasts", "description": "You can enjoy cold to hot. Everyday liquor that can be used for cooking sake.", "short_description": "", "price": "10.00", "slug": "tamajiman-boasts", "active": true, "in_stock": true, "date_updated": "2020-04-29T19:51:23.129Z", "abv": 16.0, "sake_type": "f", "brewery": 3, "volume": 720, "units_sold": 150, "tags": [14, 15, 17]}}, {"model": "main.product", "pk": 16, "fields": {"name": "Tamajiman Kashiro White", "description": "Everyday liquor that you won't get tired of drinking", "short_description": "", "price": "10.00", "slug": "tamajiman-kashiro-white", "active": true, "in_stock": true, "date_updated": "2020-04-29T19:51:16.654Z", "abv": 16.0, "sake_type": "f", "brewery": 3, "volume": 720, "units_sold": 90, "tags": [5, 8, 17]}}, {"model": "main.product", "pk": 17, "fields": {"name": "Tamajiman Daiginjo 1800", "description": "Using pure Yamada Nishiki from Hyogo prefecture, the pure rice Daiginjo is refined up to 35% by a brewer who takes time to make it. You can enjoy the rich flavor and elegant fragrance. Great for thank-you and festive gifts!", "short_description": "", "price": "110.00", "slug": "tamajiman-daiginjo-1800", "active": true, "in_stock": true, "date_updated": "2020-04-29T22:32:19.672Z", "abv": 15.0, "sake_type": "jd", "brewery": 3, "volume": 1800, "units_sold": 15, "tags": [1, 8, 11]}}, {"model": "main.product", "pk": 18, "fields": {"name": "Tamajiman Junmai Daiginjo Namahara Sasagorikei", "description": "Bottled only once a year, it is a made-to-order product only for the number you reserve for sale outside\r\nthe precious Junmai Daiginjobrewery. Freshly made Junmai Daiginjo will be sold raw without heating. Please enjoy the gorgeous Ginjo incense.", "short_description": "", "price": "16.00", "slug": "tamajiman-junmai-daiginjo-namahara-sasagorikei", "active": true, "in_stock": true, "date_updated": "2020-04-29T19:49:57.653Z", "abv": 17.0, "sake_type": "jd", "brewery": 3, "volume": 720, "units_sold": 85, "tags": [1, 11, 17]}}, {"model": "main.product", "pk": 19, "fields": {"name": "Tedorigawa Arabashiri Kinka Daiginjo Nama", "description": "The nose on this \"arabashiri\" or \"Not pressed\" sake is a tantalizing collection of floral, lemon, green apple and lemon custard tones. Talk about a \"feel fun sake\"! Kinka always is a treat to taste as each year the sake gets better and more confident in its structure and delivery. Always very flavorful with hints of grapes, blueberries, pears and a dash of cucumber that come front and center with a peek-a-boo showing of honey tea. This is a very well balanced sake that gets more fruity in a small glass and more zesty in a large one.", "short_description": "", "price": "43.00", "slug": "tedorigawa-arabashiri-kinka-daiginjo-nama", "active": true, "in_stock": true, "date_updated": "2020-04-29T19:52:31.899Z", "abv": 16.0, "sake_type": "o", "brewery": 1, "volume": 720, "units_sold": 40, "tags": [4, 11, 15]}}, {"model": "main.product", "pk": 20, "fields": {"name": "Dassai 50 Sparkling", "description": "Sparkling and unpasteurized!", "short_description": "", "price": "22.00", "slug": "dassai-50-sparkling", "active": true, "in_stock": true, "date_updated": "2020-04-29T19:56:44.867Z", "abv": 15.0, "sake_type": "o", "brewery": 2, "volume": 380, "units_sold": 60, "tags": [2, 3, 4]}}, {"model": "main.productimage", "pk": 1, "fields": {"product": 1, "image": "image/upload/v1588670865/sake_time/products/s9bqddmahzynyx5zeye2.jpg"}}, {"model": "main.productimage", "pk": 2, "fields": {"product": 2, "image": "image/upload/v1588670878/sake_time/products/wdkhyrrqjomyhhp8v2gq.jpg"}}, {"model": "main.productimage", "pk": 3, "fields": {"product": 3, "image": "image/upload/v1588670899/sake_time/products/upnqzhwnaci1w2jv8ybz.jpg"}}, {"model": "main.productimage", "pk": 4, "fields": {"product": 4, "image": "image/upload/v1588670908/sake_time/products/kog7ewtlppteu68g8uhk.jpg"}}, {"model": "main.productimage", "pk": 5, "fields": {"product": 5, "image": "image/upload/v1588670919/sake_time/products/kt9ptjcn537xsiqo9kvj.jpg"}}, {"model": "main.productimage", "pk": 6, "fields": {"product": 5, "image": "image/upload/v1588670927/sake_time/products/zhdezuwyso4ni9glzjfm.jpg"}}, {"model": "main.productimage", "pk": 7, "fields": {"product": 6, "image": "image/upload/v1588670936/sake_time/products/cai2f6gmxveap5ypyeef.jpg"}}, {"model": "main.productimage", "pk": 8, "fields": {"product": 6, "image": "image/upload/v1588670946/sake_time/products/tscz5tvpoj3kfjxzwf4x.jpg"}}, {"model": "main.productimage", "pk": 9, "fields": {"product": 7, "image": "image/upload/v1588670955/sake_time/products/g8f28w9wxcd5129arpjb.jpg"}}, {"model": "main.productimage", "pk": 10, "fields": {"product": 7, "image": "image/upload/v1588670964/sake_time/products/ilpk6gisjbwrradmkbtv.jpg"}}, {"model": "main.productimage", "pk": 11, "fields": {"product": 8, "image": "image/upload/v1588670973/sake_time/products/e5f2p2tswqrmsm1xygcz.jpg"}}, {"model": "main.productimage", "pk": 12, "fields": {"product": 9, "image": "image/upload/v1588670982/sake_time/products/hefw5jbyvsdnejtfm4k8.jpg"}}, {"model": "main.productimage", "pk": 13, "fields": {"product": 10, "image": "image/upload/v1588671008/sake_time/products/qaoesewdl9iiber4gpfa.jpg"}}, {"model": "main.productimage", "pk": 14, "fields": {"product": 11, "image": "image/upload/v1588671040/sake_time/products/kqposr3znergkqqvzsmk.jpg"}}, {"model": "main.productimage", "pk": 15, "fields": {"product": 12, "image": "image/upload/v1588671050/sake_time/products/nczcsepyyslaxhlbawjx.jpg"}}, {"model": "main.productimage", "pk": 16, "fields": {"product": 20, "image": "image/upload/v1588671066/sake_time/products/pegyjry4437gtz5hlbpo.jpg"}}, {"model": "main.productimage", "pk": 17, "fields": {"product": 14, "image": "image/upload/v1588671076/sake_time/products/uhu3mqu5jsre0l7kuzrl.jpg"}}, {"model": "main.productimage", "pk": 18, "fields": {"product": 13, "image": "image/upload/v1588671084/sake_time/products/ncyazsnah5uurocjvokb.jpg"}}, {"model": "main.productimage", "pk": 19, "fields": {"product": 15, "image": "image/upload/v1588671105/sake_time/products/ondnpujqs5gubpbqhatc.jpg"}}, {"model": "main.productimage", "pk": 20, "fields": {"product": 19, "image": "image/upload/v1588671118/sake_time/products/kybzwchrjtt4irkvn7oi.jpg"}}, {"model": "main.productimage", "pk": 21, "fields": {"product": 16, "image": "image/upload/v1588671129/sake_time/products/kurxksudfj8nzugqr0c6.jpg"}}, {"model": "main.productimage", "pk": 22, "fields": {"product": 18, "image": "image/upload/v1588671151/sake_time/products/b2holnhzqpz4ippsjcfq.jpg"}}, {"model": "main.productimage", "pk": 23, "fields": {"product": 17, "image": "image/upload/v1588671166/sake_time/products/ybox2ihvlzvaki8mg8or.jpg"}}, {"model": "main.review", "pk": 1, "fields": {"date": "2020-04-29", "rating": 5, "content": "Expensive, but worth it.", "lat": null, "long": null, "user": 1, "sake": 1, "postcode": null}}, {"model": "main.review", "pk": 2, "fields": {"date": "2020-04-29", "rating": 5, "content": "Par excellence.", "lat": null, "long": null, "user": 2, "sake": 1, "postcode": null}}, {"model": "main.review", "pk": 3, "fields": {"date": "2020-04-29", "rating": 5, "content": "Par excellence.", "lat": null, "long": null, "user": 2, "sake": 2, "postcode": null}}, {"model": "main.review", "pk": 4, "fields": {"date": "2020-04-29", "rating": 4, "content": "Par excellence.", "lat": null, "long": null, "user": 2, "sake": 3, "postcode": null}}, {"model": "main.review", "pk": 5, "fields": {"date": "2020-04-29", "rating": 5, "content": "Par excellence.", "lat": null, "long": null, "user": 2, "sake": 4, "postcode": null}}, {"model": "main.review", "pk": 6, "fields": {"date": "2020-04-29", "rating": 5, "content": "Par excellence.", "lat": null, "long": null, "user": 2, "sake": 5, "postcode": null}}, {"model": "main.review", "pk": 7, "fields": {"date": "2020-04-29", "rating": 1, "content": "Par excellence.", "lat": null, "long": null, "user": 2, "sake": 6, "postcode": null}}, {"model": "main.review", "pk": 8, "fields": {"date": "2020-04-29", "rating": 5, "content": "Par excellence.", "lat": null, "long": null, "user": 2, "sake": 7, "postcode": null}}, {"model": "main.review", "pk": 9, "fields": {"date": "2020-04-29", "rating": 5, "content": "Par excellence.", "lat": null, "long": null, "user": 2, "sake": 8, "postcode": null}}, {"model": "main.review", "pk": 10, "fields": {"date": "2020-04-29", "rating": 3, "content": "Par excellence.", "lat": null, "long": null, "user": 2, "sake": 9, "postcode": null}}, {"model": "main.review", "pk": 11, "fields": {"date": "2020-04-29", "rating": 5, "content": "Par excellence.", "lat": null, "long": null, "user": 2, "sake": 10, "postcode": null}}, {"model": "main.review", "pk": 12, "fields": {"date": "2020-04-29", "rating": 4, "content": "Par excellence.", "lat": null, "long": null, "user": 2, "sake": 11, "postcode": null}}, {"model": "main.review", "pk": 13, "fields": {"date": "2020-04-29", "rating": 5, "content": "Par excellence.", "lat": null, "long": null, "user": 2, "sake": 12, "postcode": null}}, {"model": "main.review", "pk": 14, "fields": {"date": "2020-04-29", "rating": 5, "content": "Par excellence.", "lat": null, "long": null, "user": 2, "sake": 13, "postcode": null}}, {"model": "main.review", "pk": 15, "fields": {"date": "2020-04-29", "rating": 5, "content": "Par excellence.", "lat": null, "long": null, "user": 2, "sake": 14, "postcode": null}}, {"model": "main.review", "pk": 16, "fields": {"date": "2020-04-29", "rating": 3, "content": "Par excellence.", "lat": null, "long": null, "user": 2, "sake": 15, "postcode": null}}, {"model": "main.review", "pk": 17, "fields": {"date": "2020-04-29", "rating": 5, "content": "Par excellence.", "lat": null, "long": null, "user": 2, "sake": 16, "postcode": null}}, {"model": "main.review", "pk": 18, "fields": {"date": "2020-04-29", "rating": 5, "content": "Par excellence.", "lat": null, "long": null, "user": 2, "sake": 17, "postcode": null}}, {"model": "main.review", "pk": 19, "fields": {"date": "2020-04-29", "rating": 5, "content": "Par excellence.", "lat": null, "long": null, "user": 2, "sake": 18, "postcode": null}}, {"model": "main.review", "pk": 20, "fields": {"date": "2020-04-29", "rating": 3, "content": "Par excellence.", "lat": null, "long": null, "user": 2, "sake": 19, "postcode": null}}, {"model": "main.review", "pk": 21, "fields": {"date": "2020-04-29", "rating": 3, "content": "Par excellence.", "lat": null, "long": null, "user": 3, "sake": 20, "postcode": null}}, {"model": "main.review", "pk": 22, "fields": {"date": "2020-04-29", "rating": 4, "content": "Par excellence.", "lat": null, "long": null, "user": 3, "sake": 1, "postcode": null}}, {"model": "main.review", "pk": 23, "fields": {"date": "2020-04-29", "rating": 3, "content": "Par excellence.", "lat": null, "long": null, "user": 3, "sake": 2, "postcode": null}}, {"model": "main.review", "pk": 24, "fields": {"date": "2020-04-29", "rating": 2, "content": "Par excellence.", "lat": null, "long": null, "user": 3, "sake": 3, "postcode": null}}, {"model": "main.review", "pk": 25, "fields": {"date": "2020-04-29", "rating": 5, "content": "Par excellence.", "lat": null, "long": null, "user": 3, "sake": 4, "postcode": null}}, {"model": "main.review", "pk": 26, "fields": {"date": "2020-04-29", "rating": 1, "content": "Par excellence.", "lat": null, "long": null, "user": 3, "sake": 5, "postcode": null}}, {"model": "main.review", "pk": 27, "fields": {"date": "2020-04-29", "rating": 4, "content": "Par excellence.", "lat": null, "long": null, "user": 3, "sake": 6, "postcode": null}}, {"model": "main.review", "pk": 28, "fields": {"date": "2020-04-29", "rating": 3, "content": "Par excellence.", "lat": null, "long": null, "user": 3, "sake": 7, "postcode": null}}, {"model": "main.review", "pk": 29, "fields": {"date": "2020-04-29", "rating": 2, "content": "Par excellence.", "lat": null, "long": null, "user": 3, "sake": 8, "postcode": null}}, {"model": "main.review", "pk": 30, "fields": {"date": "2020-04-29", "rating": 4, "content": "Par excellence.", "lat": null, "long": null, "user": 3, "sake": 9, "postcode": null}}, {"model": "main.review", "pk": 31, "fields": {"date": "2020-04-29", "rating": 5, "content": "Par excellence.", "lat": null, "long": null, "user": 3, "sake": 10, "postcode": null}}, {"model": "main.review", "pk": 32, "fields": {"date": "2020-04-29", "rating": 4, "content": "Par excellence.", "lat": null, "long": null, "user": 3, "sake": 11, "postcode": null}}, {"model": "main.review", "pk": 33, "fields": {"date": "2020-04-29", "rating": 3, "content": "Par excellence.", "lat": null, "long": null, "user": 3, "sake": 12, "postcode": null}}, {"model": "main.review", "pk": 34, "fields": {"date": "2020-04-29", "rating": 2, "content": "Par excellence.", "lat": null, "long": null, "user": 3, "sake": 13, "postcode": null}}, {"model": "main.review", "pk": 35, "fields": {"date": "2020-04-29", "rating": 1, "content": "Par excellence.", "lat": null, "long": null, "user": 3, "sake": 14, "postcode": null}}, {"model": "main.review", "pk": 36, "fields": {"date": "2020-04-29", "rating": 3, "content": "Par excellence.", "lat": null, "long": null, "user": 3, "sake": 15, "postcode": null}}, {"model": "main.review", "pk": 37, "fields": {"date": "2020-04-29", "rating": 4, "content": "Par excellence.", "lat": null, "long": null, "user": 3, "sake": 16, "postcode": null}}, {"model": "main.review", "pk": 38, "fields": {"date": "2020-04-29", "rating": 5, "content": "Par excellence.", "lat": null, "long": null, "user": 3, "sake": 17, "postcode": null}}, {"model": "main.review", "pk": 39, "fields": {"date": "2020-04-29", "rating": 3, "content": "Par excellence.", "lat": null, "long": null, "user": 3, "sake": 18, "postcode": null}}, {"model": "main.review", "pk": 40, "fields": {"date": "2020-04-29", "rating": 4, "content": "Par excellence.", "lat": null, "long": null, "user": 3, "sake": 19, "postcode": null}}, {"model": "main.review", "pk": 41, "fields": {"date": "2020-04-29", "rating": 4, "content": "Bang for your buck!", "lat": null, "long": null, "user": 1, "sake": 3, "postcode": null}}, {"model": "main.review", "pk": 42, "fields": {"date": "2020-04-29", "rating": 3, "content": "Not bad.", "lat": null, "long": null, "user": 10, "sake": 10, "postcode": null}}, {"model": "main.review", "pk": 43, "fields": {"date": "2020-05-03", "rating": 5, "content": "rr", "lat": null, "long": null, "user": 1, "sake": 2, "postcode": null}}, {"model": "main.review", "pk": 44, "fields": {"date": "2020-05-03", "rating": 4, "content": "4", "lat": null, "long": null, "user": 1, "sake": 5, "postcode": null}}, {"model": "main.post", "pk": 1, "fields": {"title": "What you need to know about sake", "author": 1, "lede": "Sake, also spelled sak\u00e9, is an alcoholic beverage made by fermenting rice that has been polished to remove the bran.", "date": "2020-04-29T18:50:48Z", "image": "image/upload/v1588670045/sake_time/posts/wsj4cy4gguhpm4ze0n5p.jpg", "body": "Sake, also spelled sak\u00e9, is an alcoholic beverage made by fermenting rice that has been polished to remove the bran. Despite the name, unlike wine, in which alcohol is produced by fermenting sugar that is naturally present in fruit (typically grapes), sake is produced by a brewing process more akin to that of beer, where starch is converted into sugars, which ferment into alcohol.\r\n\r\nThe brewing process for sake differs from the process for beer, where the conversion from starch to sugar and then from sugar to alcohol occurs in two distinct steps. Like other rice wines, when sake is brewed, these conversions occur simultaneously. Furthermore, the alcohol content differs between sake, wine, and beer; while most beer contains 3\u20139% ABV, wine generally contains 9\u201316% ABV, and undiluted sake contains 18\u201320% ABV (although this is often lowered to about 15% by diluting with water prior to bottling).\r\n\r\nIn Japanese, the word sake (kanji: \u9152, Japanese pronunciation: [sake]) can refer to any alcoholic drink, while the beverage called \"sake\" in English is usually termed nihonshu (\u65e5\u672c\u9152; meaning 'Japanese liquor'). Under Japanese liquor laws, sake is labelled with the word \"seishu\" (\u6e05\u9152; 'clear liquor'), a synonym not commonly used in conversation.\r\n\r\nIn Japan, where it is the national beverage, sake is often served with special ceremony, where it is gently warmed in a small earthenware or porcelain bottle and sipped from a small porcelain cup called a sakazuki. As with wine, the recommended serving temperature of sake varies greatly by type."}}, {"model": "main.post", "pk": 2, "fields": {"title": "The Different Types of Sake", "author": 1, "lede": "Sake is a Japanese alcohol that is unique in its own special way. The Japanese legal name for the drink is Seishu. It is made from sake rice which is fermented in the presence of fungus and yeast.", "date": "2020-04-29T18:52:28Z", "image": "image/upload/v1588670055/sake_time/posts/lpdrfohuioawfgm7puou.jpg", "body": "Sake is a Japanese alcohol that is unique in its own special way. The Japanese legal name for the drink is Seishu. It is made from sake rice which is fermented in the presence of fungus and yeast. There are many different types of sake, and it is a good idea to consider them before you can choose one or several that you would enjoy.\r\n\r\nJunmai-shu, Ginjo-shu, Daiginjo-shu, Honjozo-shu and Namazake are the five main kinds of sake. They are brewed in slightly different ways and make use of different percentage of milling and hence, have a unique taste. Seimai Buai, or the degree of milling, makes all the difference to the sake. The drink is made with sake rice which is stripped of the bran in order to remove the protein and oil that the grain contains.\r\n\r\nAnother notable difference is the addition of pure alcohol to the fermented drink.  Unlike what some people think, the addition of brewer\u2019s alcohol doesn\u2019t adulterate the sake but may actually add to its richness and improve the shelf life of the sake. It may be difficult to distinguish one type of sake from the other and so, it is recommended that people pay attention to the details mentioned on the label on the bottle.\r\n\r\nJunmai-shu\r\n\r\nJunmai-shu contains pure unadulterated sake and no brewer\u2019s alcohol is added to it.  No additional starch or sugar is added to the alcohol. Junmai-shu uses Seimai Buai of a minimum of 70% of milled rice. This means that no more than 70% of the rice maintains its original size. Only about 30% of the rice grain has its outer layer removed. While there is no legal specification regarding the amount of milled rice in Junmai-shu but brewers are required to mention this amount on the label.\r\n\r\nJunmai-shu sake has a full and rich body. It has a higher acidic level as compared to some other types of sake. Its fragrance is not very prominent and is often served hot. Some other types of sake such as Ginjo-shu and Daiginjo-shu can also be considered as Junmai-shu if no alcohol is added to them.\r\n\r\nGinjo-shu\r\n\r\nThe Ginjo-shu is made with rice, of which 40% is milled, while 60% retain their original size. It has a wonderful aroma, and has a delicate and light flavor. Brewer\u2019s of Ginjo-shu use a special type of yeast and the rice mash is fermented in low temperatures. It also requires labor-intensive techniques to prepare the sake. It is best served cold to retain its flavor and aroma.\r\n\r\nDaiginjo-shu\r\n\r\nThe Daiginjo-shu is a type of Ginjo-shu. It too uses a rice mash made with sake rice that includes milled rice in a percentage between 35%-50%. This alcohol is high on fragrance and has a full body, delicate taste and a brief tail.\r\n\r\n Honjozo-shu\r\n\r\nHonjozo-shu uses sake rice which has a Seimai Buai or the degree of milling of 70%. This means that 70% of the grain retains its original size, while 30% is milled. The sake is made by adding brewer\u2019s alcohol and is not as potent as sake that is made without the addition of alcohol. This addition is responsible for giving the sake a light and smooth body and flavor. It also makes the aroma of the drink distinct and easily identified. The Honjozo-shu is ideally served warm.\r\n\r\nNamazake\r\n\r\nNamazake basically means that the alcohol is not pasteurized. All types of sake can be Namazake. Therefore, Junmai-shu, Ginjo-shu or any other types of sake can be Namazake. This type of alcohol needs to be refrigerated so that the flavor and aroma of the drink does not change. Some other types of sake include Jizake or sake that is produced by small brewers and is not mass produced. This doesn\u2019t always mean that it is high quality sake.\r\n\r\nUnfiltered sake is referred to as Nigori-zake. It is cloudy and not clear like some of the other sake. It also often has some koji rice in the bottle. It is sweet and makes a great dessert drink. The Kijoshu is also considered to be dessert sake. It uses less water and more sake during the fermentation process."}}, {"model": "auth.permission", "pk": 1, "fields": {"name": "Can add log entry", "content_type": 1, "codename": "add_logentry"}}, {"model": "auth.permission", "pk": 2, "fields": {"name": "Can change log entry", "content_type": 1, "codename": "change_logentry"}}, {"model": "auth.permission", "pk": 3, "fields": {"name": "Can delete log entry", "content_type": 1, "codename": "delete_logentry"}}, {"model": "auth.permission", "pk": 4, "fields": {"name": "Can view log entry", "content_type": 1, "codename": "view_logentry"}}, {"model": "auth.permission", "pk": 5, "fields": {"name": "Can add permission", "content_type": 2, "codename": "add_permission"}}, {"model": "auth.permission", "pk": 6, "fields": {"name": "Can change permission", "content_type": 2, "codename": "change_permission"}}, {"model": "auth.permission", "pk": 7, "fields": {"name": "Can delete permission", "content_type": 2, "codename": "delete_permission"}}, {"model": "auth.permission", "pk": 8, "fields": {"name": "Can view permission", "content_type": 2, "codename": "view_permission"}}, {"model": "auth.permission", "pk": 9, "fields": {"name": "Can add group", "content_type": 3, "codename": "add_group"}}, {"model": "auth.permission", "pk": 10, "fields": {"name": "Can change group", "content_type": 3, "codename": "change_group"}}, {"model": "auth.permission", "pk": 11, "fields": {"name": "Can delete group", "content_type": 3, "codename": "delete_group"}}, {"model": "auth.permission", "pk": 12, "fields": {"name": "Can view group", "content_type": 3, "codename": "view_group"}}, {"model": "auth.permission", "pk": 13, "fields": {"name": "Can add content type", "content_type": 4, "codename": "add_contenttype"}}, {"model": "auth.permission", "pk": 14, "fields": {"name": "Can change content type", "content_type": 4, "codename": "change_contenttype"}}, {"model": "auth.permission", "pk": 15, "fields": {"name": "Can delete content type", "content_type": 4, "codename": "delete_contenttype"}}, {"model": "auth.permission", "pk": 16, "fields": {"name": "Can view content type", "content_type": 4, "codename": "view_contenttype"}}, {"model": "auth.permission", "pk": 17, "fields": {"name": "Can add session", "content_type": 5, "codename": "add_session"}}, {"model": "auth.permission", "pk": 18, "fields": {"name": "Can change session", "content_type": 5, "codename": "change_session"}}, {"model": "auth.permission", "pk": 19, "fields": {"name": "Can delete session", "content_type": 5, "codename": "delete_session"}}, {"model": "auth.permission", "pk": 20, "fields": {"name": "Can view session", "content_type": 5, "codename": "view_session"}}, {"model": "auth.permission", "pk": 21, "fields": {"name": "Can add address", "content_type": 6, "codename": "add_address"}}, {"model": "auth.permission", "pk": 22, "fields": {"name": "Can change address", "content_type": 6, "codename": "change_address"}}, {"model": "auth.permission", "pk": 23, "fields": {"name": "Can delete address", "content_type": 6, "codename": "delete_address"}}, {"model": "auth.permission", "pk": 24, "fields": {"name": "Can view address", "content_type": 6, "codename": "view_address"}}, {"model": "auth.permission", "pk": 25, "fields": {"name": "Can add brewery", "content_type": 7, "codename": "add_brewery"}}, {"model": "auth.permission", "pk": 26, "fields": {"name": "Can change brewery", "content_type": 7, "codename": "change_brewery"}}, {"model": "auth.permission", "pk": 27, "fields": {"name": "Can delete brewery", "content_type": 7, "codename": "delete_brewery"}}, {"model": "auth.permission", "pk": 28, "fields": {"name": "Can view brewery", "content_type": 7, "codename": "view_brewery"}}, {"model": "auth.permission", "pk": 29, "fields": {"name": "Can add cart", "content_type": 8, "codename": "add_cart"}}, {"model": "auth.permission", "pk": 30, "fields": {"name": "Can change cart", "content_type": 8, "codename": "change_cart"}}, {"model": "auth.permission", "pk": 31, "fields": {"name": "Can delete cart", "content_type": 8, "codename": "delete_cart"}}, {"model": "auth.permission", "pk": 32, "fields": {"name": "Can view cart", "content_type": 8, "codename": "view_cart"}}, {"model": "auth.permission", "pk": 33, "fields": {"name": "Can add cart line", "content_type": 9, "codename": "add_cartline"}}, {"model": "auth.permission", "pk": 34, "fields": {"name": "Can change cart line", "content_type": 9, "codename": "change_cartline"}}, {"model": "auth.permission", "pk": 35, "fields": {"name": "Can delete cart line", "content_type": 9, "codename": "delete_cartline"}}, {"model": "auth.permission", "pk": 36, "fields": {"name": "Can view cart line", "content_type": 9, "codename": "view_cartline"}}, {"model": "auth.permission", "pk": 37, "fields": {"name": "Can add cluster", "content_type": 10, "codename": "add_cluster"}}, {"model": "auth.permission", "pk": 38, "fields": {"name": "Can change cluster", "content_type": 10, "codename": "change_cluster"}}, {"model": "auth.permission", "pk": 39, "fields": {"name": "Can delete cluster", "content_type": 10, "codename": "delete_cluster"}}, {"model": "auth.permission", "pk": 40, "fields": {"name": "Can view cluster", "content_type": 10, "codename": "view_cluster"}}, {"model": "auth.permission", "pk": 41, "fields": {"name": "Can add order", "content_type": 11, "codename": "add_order"}}, {"model": "auth.permission", "pk": 42, "fields": {"name": "Can change order", "content_type": 11, "codename": "change_order"}}, {"model": "auth.permission", "pk": 43, "fields": {"name": "Can delete order", "content_type": 11, "codename": "delete_order"}}, {"model": "auth.permission", "pk": 44, "fields": {"name": "Can view order", "content_type": 11, "codename": "view_order"}}, {"model": "auth.permission", "pk": 45, "fields": {"name": "Can add order line", "content_type": 12, "codename": "add_orderline"}}, {"model": "auth.permission", "pk": 46, "fields": {"name": "Can change order line", "content_type": 12, "codename": "change_orderline"}}, {"model": "auth.permission", "pk": 47, "fields": {"name": "Can delete order line", "content_type": 12, "codename": "delete_orderline"}}, {"model": "auth.permission", "pk": 48, "fields": {"name": "Can view order line", "content_type": 12, "codename": "view_orderline"}}, {"model": "auth.permission", "pk": 49, "fields": {"name": "Can add post", "content_type": 13, "codename": "add_post"}}, {"model": "auth.permission", "pk": 50, "fields": {"name": "Can change post", "content_type": 13, "codename": "change_post"}}, {"model": "auth.permission", "pk": 51, "fields": {"name": "Can delete post", "content_type": 13, "codename": "delete_post"}}, {"model": "auth.permission", "pk": 52, "fields": {"name": "Can view post", "content_type": 13, "codename": "view_post"}}, {"model": "auth.permission", "pk": 53, "fields": {"name": "Can add product", "content_type": 14, "codename": "add_product"}}, {"model": "auth.permission", "pk": 54, "fields": {"name": "Can change product", "content_type": 14, "codename": "change_product"}}, {"model": "auth.permission", "pk": 55, "fields": {"name": "Can delete product", "content_type": 14, "codename": "delete_product"}}, {"model": "auth.permission", "pk": 56, "fields": {"name": "Can view product", "content_type": 14, "codename": "view_product"}}, {"model": "auth.permission", "pk": 57, "fields": {"name": "Can add product image", "content_type": 15, "codename": "add_productimage"}}, {"model": "auth.permission", "pk": 58, "fields": {"name": "Can change product image", "content_type": 15, "codename": "change_productimage"}}, {"model": "auth.permission", "pk": 59, "fields": {"name": "Can delete product image", "content_type": 15, "codename": "delete_productimage"}}, {"model": "auth.permission", "pk": 60, "fields": {"name": "Can view product image", "content_type": 15, "codename": "view_productimage"}}, {"model": "auth.permission", "pk": 61, "fields": {"name": "Can add product tag", "content_type": 16, "codename": "add_producttag"}}, {"model": "auth.permission", "pk": 62, "fields": {"name": "Can change product tag", "content_type": 16, "codename": "change_producttag"}}, {"model": "auth.permission", "pk": 63, "fields": {"name": "Can delete product tag", "content_type": 16, "codename": "delete_producttag"}}, {"model": "auth.permission", "pk": 64, "fields": {"name": "Can view product tag", "content_type": 16, "codename": "view_producttag"}}, {"model": "auth.permission", "pk": 65, "fields": {"name": "Can add review", "content_type": 17, "codename": "add_review"}}, {"model": "auth.permission", "pk": 66, "fields": {"name": "Can change review", "content_type": 17, "codename": "change_review"}}, {"model": "auth.permission", "pk": 67, "fields": {"name": "Can delete review", "content_type": 17, "codename": "delete_review"}}, {"model": "auth.permission", "pk": 68, "fields": {"name": "Can view review", "content_type": 17, "codename": "view_review"}}, {"model": "auth.permission", "pk": 69, "fields": {"name": "Can add user profile", "content_type": 18, "codename": "add_userprofile"}}, {"model": "auth.permission", "pk": 70, "fields": {"name": "Can change user profile", "content_type": 18, "codename": "change_userprofile"}}, {"model": "auth.permission", "pk": 71, "fields": {"name": "Can delete user profile", "content_type": 18, "codename": "delete_userprofile"}}, {"model": "auth.permission", "pk": 72, "fields": {"name": "Can view user profile", "content_type": 18, "codename": "view_userprofile"}}, {"model": "auth.permission", "pk": 73, "fields": {"name": "Can add user", "content_type": 19, "codename": "add_user"}}, {"model": "auth.permission", "pk": 74, "fields": {"name": "Can change user", "content_type": 19, "codename": "change_user"}}, {"model": "auth.permission", "pk": 75, "fields": {"name": "Can delete user", "content_type": 19, "codename": "delete_user"}}, {"model": "auth.permission", "pk": 76, "fields": {"name": "Can view user", "content_type": 19, "codename": "view_user"}}, {"model": "users.user", "pk": 1, "fields": {"password": "pbkdf2_sha256$150000$lYMkPODWPiXM$eJJZRSUa6mBQvZ6AbqFxeJo3IeYTsn18fJbpfQST/OE=", "last_login": "2020-05-05T09:03:58.265Z", "is_superuser": true, "first_name": "", "last_name": "", "is_staff": true, "is_active": true, "date_joined": "2020-04-25T20:15:57Z", "username": "berlink", "email": "b@b.com", "groups": [], "user_permissions": []}}, {"model": "users.user", "pk": 2, "fields": {"password": "pbkdf2_sha256$150000$vfCbbxVSFJX1$1jnIh3qfGnDGFVgDtCJ2k3VeD1PWT22/rd8HMR1Idd0=", "last_login": "2020-04-29T14:47:27.465Z", "is_superuser": false, "first_name": "", "last_name": "", "is_staff": false, "is_active": true, "date_joined": "2020-04-29T14:47:10.724Z", "username": "test1", "email": "test1@test.com", "groups": [], "user_permissions": []}}, {"model": "users.user", "pk": 3, "fields": {"password": "pbkdf2_sha256$150000$WUGJ9fUf607h$ufyJ+ChUxgMEXcoNWdM6sJamtvB3ILxdgH2yPCKXQfE=", "last_login": "2020-04-29T14:47:49.486Z", "is_superuser": false, "first_name": "", "last_name": "", "is_staff": false, "is_active": true, "date_joined": "2020-04-29T14:47:49.277Z", "username": "test2", "email": "test2@test.com", "groups": [], "user_permissions": []}}, {"model": "users.user", "pk": 4, "fields": {"password": "pbkdf2_sha256$150000$uPVpdVDJkZKK$dESxa21uG5Sh98IpXruBcklZK+qkb1+PamVjLe9kPPI=", "last_login": "2020-04-29T14:48:15.603Z", "is_superuser": false, "first_name": "", "last_name": "", "is_staff": false, "is_active": true, "date_joined": "2020-04-29T14:48:15.396Z", "username": "test3", "email": "test3@test.com", "groups": [], "user_permissions": []}}, {"model": "users.user", "pk": 5, "fields": {"password": "pbkdf2_sha256$150000$fWIXojDIYHig$tb3EvGS8L/TEFyMsT1RlEpKL2bu0Fbqq/HHfI3LKuW8=", "last_login": "2020-04-29T14:48:36.846Z", "is_superuser": false, "first_name": "", "last_name": "", "is_staff": false, "is_active": true, "date_joined": "2020-04-29T14:48:36.634Z", "username": "test4", "email": "test4@test.com", "groups": [], "user_permissions": []}}, {"model": "users.user", "pk": 6, "fields": {"password": "pbkdf2_sha256$150000$vod2cDBKJp7c$/k2OUN3mpH8h7nkVRxnwAjn6DMJvOCFpfFQjZI+fH4w=", "last_login": "2020-04-29T14:49:08.111Z", "is_superuser": false, "first_name": "", "last_name": "", "is_staff": false, "is_active": true, "date_joined": "2020-04-29T14:49:07.906Z", "username": "test5", "email": "test5@test.com", "groups": [], "user_permissions": []}}, {"model": "users.user", "pk": 7, "fields": {"password": "pbkdf2_sha256$150000$CPlkpyVYZ1BE$xDOyCjP2zOlmqJzC6S4Tx7X+nG6ROLTPH3GWGuf8DYw=", "last_login": "2020-04-29T14:50:19.332Z", "is_superuser": false, "first_name": "", "last_name": "", "is_staff": false, "is_active": true, "date_joined": "2020-04-29T14:50:19.120Z", "username": "test6", "email": "test6@test.com", "groups": [], "user_permissions": []}}, {"model": "users.user", "pk": 8, "fields": {"password": "pbkdf2_sha256$150000$tuKA9sZMWlOn$l9XS6H6Zi3mNCY2tjGmjVC7s9gEn+E5QkuxCFR2D99E=", "last_login": "2020-04-29T14:50:39.503Z", "is_superuser": false, "first_name": "", "last_name": "", "is_staff": false, "is_active": true, "date_joined": "2020-04-29T14:50:39.296Z", "username": "test7", "email": "test7@test.com", "groups": [], "user_permissions": []}}, {"model": "users.user", "pk": 9, "fields": {"password": "pbkdf2_sha256$150000$KBN8x3RC0Y6i$iR1ag/YgLtAZi/QYKsptgBmIOoO3ndG9U//agOaW1Wo=", "last_login": "2020-04-29T14:50:57.631Z", "is_superuser": false, "first_name": "", "last_name": "", "is_staff": false, "is_active": true, "date_joined": "2020-04-29T14:50:57.415Z", "username": "test8", "email": "test8@test.com", "groups": [], "user_permissions": []}}, {"model": "users.user", "pk": 10, "fields": {"password": "pbkdf2_sha256$150000$rajfi4ntN9Fq$ubk0G4e+3jOKqMpvhuHGhgKchj/SR6a1ct2Q99PjIpY=", "last_login": "2020-04-29T22:44:53.286Z", "is_superuser": false, "first_name": "", "last_name": "", "is_staff": false, "is_active": true, "date_joined": "2020-04-29T14:51:12Z", "username": "test9", "email": "test9@test.com", "groups": [], "user_permissions": []}}, {"model": "main.userprofile", "pk": 1, "fields": {"user": 1, "profile_image": ""}}, {"model": "main.userprofile", "pk": 2, "fields": {"user": 2, "profile_image": ""}}, {"model": "main.userprofile", "pk": 3, "fields": {"user": 3, "profile_image": ""}}, {"model": "main.userprofile", "pk": 4, "fields": {"user": 4, "profile_image": ""}}, {"model": "main.userprofile", "pk": 5, "fields": {"user": 5, "profile_image": ""}}, {"model": "main.userprofile", "pk": 6, "fields": {"user": 6, "profile_image": ""}}, {"model": "main.userprofile", "pk": 7, "fields": {"user": 7, "profile_image": ""}}, {"model": "main.userprofile", "pk": 8, "fields": {"user": 8, "profile_image": ""}}, {"model": "main.userprofile", "pk": 9, "fields": {"user": 9, "profile_image": ""}}, {"model": "main.userprofile", "pk": 10, "fields": {"user": 10, "profile_image": ""}}, {"model": "admin.logentry", "pk": 1, "fields": {"action_time": "2020-05-05T09:10:59.724Z", "user": 1, "content_type": 7, "object_id": "1", "object_repr": "Tedorigawa", "action_flag": 2, "change_message": "[{\"changed\": {\"fields\": [\"image\", \"header\"]}}]"}}, {"model": "admin.logentry", "pk": 2, "fields": {"action_time": "2020-05-05T09:13:19.151Z", "user": 1, "content_type": 7, "object_id": "2", "object_repr": "Asahi Shuzo", "action_flag": 2, "change_message": "[{\"changed\": {\"fields\": [\"image\", \"header\"]}}]"}}, {"model": "admin.logentry", "pk": 3, "fields": {"action_time": "2020-05-05T09:13:36.798Z", "user": 1, "content_type": 7, "object_id": "3", "object_repr": "Ishikawa Brewery", "action_flag": 2, "change_message": "[{\"changed\": {\"fields\": [\"image\", \"header\"]}}]"}}, {"model": "admin.logentry", "pk": 4, "fields": {"action_time": "2020-05-05T09:14:06.463Z", "user": 1, "content_type": 13, "object_id": "1", "object_repr": "What you need to know about sake", "action_flag": 2, "change_message": "[{\"changed\": {\"fields\": [\"image\"]}}]"}}, {"model": "admin.logentry", "pk": 5, "fields": {"action_time": "2020-05-05T09:14:16.373Z", "user": 1, "content_type": 13, "object_id": "2", "object_repr": "The Different Types of Sake", "action_flag": 2, "change_message": "[{\"changed\": {\"fields\": [\"image\"]}}]"}}, {"model": "admin.logentry", "pk": 6, "fields": {"action_time": "2020-05-05T09:27:46.398Z", "user": 1, "content_type": 15, "object_id": "1", "object_repr": "Daiginjo Shizuku", "action_flag": 2, "change_message": "[{\"changed\": {\"fields\": [\"image\"]}}]"}}, {"model": "admin.logentry", "pk": 7, "fields": {"action_time": "2020-05-05T09:27:59.333Z", "user": 1, "content_type": 15, "object_id": "2", "object_repr": "Tamajiman Daiginjo", "action_flag": 2, "change_message": "[{\"changed\": {\"fields\": [\"image\"]}}]"}}, {"model": "admin.logentry", "pk": 8, "fields": {"action_time": "2020-05-05T09:28:20.293Z", "user": 1, "content_type": 15, "object_id": "3", "object_repr": "Tama no Yotokobi Junmai Daiginjo", "action_flag": 2, "change_message": "[{\"changed\": {\"fields\": [\"image\"]}}]"}}, {"model": "admin.logentry", "pk": 9, "fields": {"action_time": "2020-05-05T09:28:29.405Z", "user": 1, "content_type": 15, "object_id": "4", "object_repr": "Junmai Kumagawa Ichibanchi", "action_flag": 2, "change_message": "[{\"changed\": {\"fields\": [\"image\"]}}]"}}, {"model": "admin.logentry", "pk": 10, "fields": {"action_time": "2020-05-05T09:28:39.639Z", "user": 1, "content_type": 15, "object_id": "5", "object_repr": "DASSAI 23", "action_flag": 2, "change_message": "[{\"changed\": {\"fields\": [\"image\"]}}]"}}, {"model": "admin.logentry", "pk": 11, "fields": {"action_time": "2020-05-05T09:28:48.349Z", "user": 1, "content_type": 15, "object_id": "6", "object_repr": "DASSAI 23", "action_flag": 2, "change_message": "[{\"changed\": {\"fields\": [\"image\"]}}]"}}, {"model": "admin.logentry", "pk": 12, "fields": {"action_time": "2020-05-05T09:28:57.666Z", "user": 1, "content_type": 15, "object_id": "7", "object_repr": "DASSAI 39", "action_flag": 2, "change_message": "[{\"changed\": {\"fields\": [\"image\"]}}]"}}, {"model": "admin.logentry", "pk": 13, "fields": {"action_time": "2020-05-05T09:29:06.682Z", "user": 1, "content_type": 15, "object_id": "8", "object_repr": "DASSAI 39", "action_flag": 2, "change_message": "[{\"changed\": {\"fields\": [\"image\"]}}]"}}, {"model": "admin.logentry", "pk": 14, "fields": {"action_time": "2020-05-05T09:29:15.791Z", "user": 1, "content_type": 15, "object_id": "9", "object_repr": "DASSAI 45", "action_flag": 2, "change_message": "[{\"changed\": {\"fields\": [\"image\"]}}]"}}, {"model": "admin.logentry", "pk": 15, "fields": {"action_time": "2020-05-05T09:29:25.418Z", "user": 1, "content_type": 15, "object_id": "10", "object_repr": "DASSAI 45", "action_flag": 2, "change_message": "[{\"changed\": {\"fields\": [\"image\"]}}]"}}, {"model": "admin.logentry", "pk": 16, "fields": {"action_time": "2020-05-05T09:29:33.916Z", "user": 1, "content_type": 15, "object_id": "11", "object_repr": "DASSAI Sparkling 45", "action_flag": 2, "change_message": "[{\"changed\": {\"fields\": [\"image\"]}}]"}}, {"model": "admin.logentry", "pk": 17, "fields": {"action_time": "2020-05-05T09:29:42.663Z", "user": 1, "content_type": 15, "object_id": "12", "object_repr": "Tedorigawa Mangekyo Junmai Daiginjo 'Kaleidoscope'", "action_flag": 2, "change_message": "[{\"changed\": {\"fields\": [\"image\"]}}]"}}, {"model": "admin.logentry", "pk": 18, "fields": {"action_time": "2020-05-05T09:30:09.470Z", "user": 1, "content_type": 15, "object_id": "13", "object_repr": "Tedorigawa Yamahai Junmai", "action_flag": 2, "change_message": "[{\"changed\": {\"fields\": [\"image\"]}}]"}}, {"model": "admin.logentry", "pk": 19, "fields": {"action_time": "2020-05-05T09:30:41.294Z", "user": 1, "content_type": 15, "object_id": "14", "object_repr": "Tedorigawa Iki na Onna Daiginjo", "action_flag": 2, "change_message": "[{\"changed\": {\"fields\": [\"image\"]}}]"}}, {"model": "admin.logentry", "pk": 20, "fields": {"action_time": "2020-05-05T09:30:51.505Z", "user": 1, "content_type": 15, "object_id": "15", "object_repr": "Tedorigawa Yamahai Daiginjo", "action_flag": 2, "change_message": "[{\"changed\": {\"fields\": [\"image\"]}}]"}}, {"model": "admin.logentry", "pk": 21, "fields": {"action_time": "2020-05-05T09:31:06.996Z", "user": 1, "content_type": 15, "object_id": "16", "object_repr": "Dassai 50 Sparkling", "action_flag": 2, "change_message": "[{\"changed\": {\"fields\": [\"image\"]}}]"}}, {"model": "admin.logentry", "pk": 22, "fields": {"action_time": "2020-05-05T09:31:16.784Z", "user": 1, "content_type": 15, "object_id": "17", "object_repr": "DASSAI Beyond", "action_flag": 2, "change_message": "[{\"changed\": {\"fields\": [\"image\"]}}]"}}, {"model": "admin.logentry", "pk": 23, "fields": {"action_time": "2020-05-05T09:31:25.018Z", "user": 1, "content_type": 15, "object_id": "18", "object_repr": "DASSAI 45 Nigori", "action_flag": 2, "change_message": "[{\"changed\": {\"fields\": [\"image\"]}}]"}}, {"model": "admin.logentry", "pk": 24, "fields": {"action_time": "2020-05-05T09:31:46.522Z", "user": 1, "content_type": 15, "object_id": "19", "object_repr": "Tamajiman Boasts", "action_flag": 2, "change_message": "[{\"changed\": {\"fields\": [\"image\"]}}]"}}, {"model": "admin.logentry", "pk": 25, "fields": {"action_time": "2020-05-05T09:31:58.586Z", "user": 1, "content_type": 15, "object_id": "20", "object_repr": "Tedorigawa Arabashiri Kinka Daiginjo Nama", "action_flag": 2, "change_message": "[{\"changed\": {\"fields\": [\"image\"]}}]"}}, {"model": "admin.logentry", "pk": 26, "fields": {"action_time": "2020-05-05T09:32:09.768Z", "user": 1, "content_type": 15, "object_id": "21", "object_repr": "Tamajiman Kashiro White", "action_flag": 2, "change_message": "[{\"changed\": {\"fields\": [\"image\"]}}]"}}, {"model": "admin.logentry", "pk": 27, "fields": {"action_time": "2020-05-05T09:32:32.606Z", "user": 1, "content_type": 15, "object_id": "22", "object_repr": "Tamajiman Junmai Daiginjo Namahara Sasagorikei", "action_flag": 2, "change_message": "[{\"changed\": {\"fields\": [\"image\"]}}]"}}, {"model": "admin.logentry", "pk": 28, "fields": {"action_time": "2020-05-05T09:32:46.868Z", "user": 1, "content_type": 15, "object_id": "23", "object_repr": "Tamajiman Daiginjo 1800", "action_flag": 2, "change_message": "[{\"changed\": {\"fields\": [\"image\"]}}]"}}]